Tony,Brasil,500,1569684556,Av Los Mondongos 5024
Mecha,Peru,250,1542551421,Av Siempre Viva 4082
Anthony,Bocaya,500,1523454352,Av Pepitos 2342
Tony Prueba2,Bocaya,500,1568765362,Av Los Turros 2367
Anthony,Bocaya,1000,156532632,av lala
Pepe,Bocaya,250,1564732634,Av Machuka 2878
haha,Costa Rica,1000,16161616,haha
Prueba 3,Peru,500,152636232,eso eso es
Prueba4,Guatemala,1000,2308,Av dale dale
Prueba4,Brasil,500,2308,Av dale dale
Prueba4,Brasil,1000,2308,Av dale dale
Prueba4,Costa Rica,500,2308,Av dale dale
as,Brasil,250,2,as
wachin,Bocaya,250,152634253,av dale dale
wachin,Bocaya,250,152634253,av dale dale
Pepin,Costa Rica,250,1548392219,jhjjh
Pepin,Bocaya,1000,1548392219,jhjjh
asa,Bocaya,250,1232322232,sas
asad,Peru,1000,1212121212,asa
Lelo,Bocaya,250,1235455353,asds
asa,Peru,1000,1212121212,asa
as,Bocaya,500,1212121212,as
Anthony,Brasil,1000,1224222622,asa
Anthony,Costa Rica,250,1212121222,asa
Annnn,Costa Rica,500,1212155511,asa
Annnn,Bocaya,250,1212155511,asa
asa,Guatemala,1000,1234567891,asa
Pepitooooh,Costa Rica,1000,1234567891,asa
Pepitooooh,Peru,1000,1234567891,asa
Oriana,Peru,250,1212122221,asas
Lospibes,Brasil,250,1212121212,asas
Sergio,Costa Rica,250,1212121212,asasaa
